feature_name,keyword
has_internship,实习
has_internship,intern
has_internship,internship

has_certificate,证书
has_certificate,认证
has_certificate,软考
has_certificate,计算机二级
has_certificate,英语四级
has_certificate,英语六级
has_certificate,cet4
has_certificate,cet6
has_competition,全国大学生创新创业训练计划
has_certificate,全国大学生创新创业训练计划证书
has_competition,挑战杯中国大学生课外学术科技作品竞赛
has_certificate,挑战杯中国大学生课外学术科技作品竞赛证书
has_competition,中国国际互联网+大学生创新创业大赛
has_certificate,中国国际互联网+大学生创新创业大赛证书
has_competition,挑战杯中国大学生创业计划竞赛
has_certificate,挑战杯中国大学生创业计划竞赛证书
has_competition,全国大学生节能减排社会实践与科技竞赛
has_certificate,全国大学生节能减排社会实践与科技竞赛证书
has_competition,全国大学生工程训练综合能力竞赛
has_certificate,全国大学生工程训练综合能力竞赛证书
has_competition,全国大学生学科竞赛
has_certificate,全国大学生学科竞赛证书
has_competition,全国大学生技能大赛
has_certificate,全国大学生技能大赛证书
has_competition,全国大学生职业规划大赛
has_certificate,全国大学生职业规划大赛证书
has_competition,全国大学生就业能力大赛
has_certificate,全国大学生就业能力大赛证书
has_competition,全国大学生社会实践大赛
has_certificate,全国大学生社会实践大赛证书
has_competition,全国大学生志愿服务大赛
has_certificate,全国大学生志愿服务大赛证书
has_competition,全国大学生公益创业大赛
has_certificate,全国大学生公益创业大赛证书
has_competition,全国大学生乡村振兴大赛
has_certificate,全国大学生乡村振兴大赛证书
has_competition,全国大学生红色旅游创意策划大赛
has_certificate,全国大学生红色旅游创意策划大赛证书
has_competition,全国大学生文化创意大赛
has_certificate,全国大学生文化创意大赛证书
has_competition,全国大学生非遗创新大赛
has_certificate,全国大学生非遗创新大赛证书
has_competition,蓝桥杯全国软件和信息技术专业人才大赛
has_certificate,蓝桥杯全国软件和信息技术专业人才大赛证书
has_competition,ACM-ICPC国际大学生程序设计竞赛
has_certificate,ACM-ICPC国际大学生程序设计竞赛证书
has_competition,CCF中国大学生计算机设计大赛
has_certificate,CCF中国大学生计算机设计大赛证书
has_competition,全国大学生信息安全竞赛
has_certificate,全国大学生信息安全竞赛证书
has_competition,全国大学生网络技术挑战赛
has_certificate,全国大学生网络技术挑战赛证书
has_competition,全国大学生物联网设计竞赛
has_certificate,全国大学生物联网设计竞赛证书
has_competition,全国大学生软件测试大赛
has_certificate,全国大学生软件测试大赛证书
has_competition,全国大学生数据挖掘竞赛
has_certificate,全国大学生数据挖掘竞赛证书
has_competition,全国大学生人工智能创新大赛
has_certificate,全国大学生人工智能创新大赛证书
has_competition,全国大学生区块链技术应用大赛
has_certificate,全国大学生区块链技术应用大赛证书
has_competition,全国大学生云计算大赛
has_certificate,全国大学生云计算大赛证书
has_competition,全国大学生大数据竞赛
has_certificate,全国大学生大数据竞赛证书
has_competition,全国大学生算法设计大赛
has_certificate,全国大学生算法设计大赛证书
has_competition,全国大学生程序设计天梯赛
has_certificate,全国大学生程序设计天梯赛证书
has_competition,全国大学生嵌入式系统设计大赛
has_certificate,全国大学生嵌入式系统设计大赛证书
has_competition,全国大学生移动应用创新大赛
has_certificate,全国大学生移动应用创新大赛证书
has_competition,全国大学生微信小程序应用开发大赛
has_certificate,全国大学生微信小程序应用开发大赛证书
has_competition,全国大学生虚拟现实设计大赛
has_certificate,全国大学生虚拟现实设计大赛证书
has_competition,全国大学生增强现实设计大赛
has_certificate,全国大学生增强现实设计大赛证书
has_competition,全国大学生数字孪生技术大赛
has_certificate,全国大学生数字孪生技术大赛证书
has_competition,全国大学生机器人竞赛
has_certificate,全国大学生机器人竞赛证书
has_competition,全国大学生智能汽车竞赛
has_certificate,全国大学生智能汽车竞赛证书
has_competition,全国大学生无人机创新大赛
has_certificate,全国大学生无人机创新大赛证书
has_competition,全国大学生机器人大赛ROBOCON
has_certificate,全国大学生机器人大赛ROBOCON证书
has_competition,全国大学生机器人大赛ROBOMASTER
has_certificate,全国大学生机器人大赛ROBOMASTER证书
has_competition,全国大学生服务外包创新创业大赛
has_certificate,全国大学生服务外包创新创业大赛证书
has_competition,全国大学生电子商务创新创意及创业挑战赛
has_certificate,全国大学生电子商务创新创意及创业挑战赛证书
has_competition,全国大学生计算机博弈大赛
has_certificate,全国大学生计算机博弈大赛证书
has_competition,全国大学生密码技术竞赛
has_certificate,全国大学生密码技术竞赛证书
has_competition,全国大学生网络空间安全技能大赛
has_certificate,全国大学生网络空间安全技能大赛证书
has_competition,全国大学生CTF网络安全挑战赛
has_certificate,全国大学生CTF网络安全挑战赛证书
has_competition,全国大学生人工智能挑战赛
has_certificate,全国大学生人工智能挑战赛证书
has_competition,全国大学生大语言模型应用大赛
has_certificate,全国大学生大语言模型应用大赛证书
has_competition,全国大学生RAG应用开发大赛
has_certificate,全国大学生RAG应用开发大赛证书
has_competition,全国大学生AIGC创意设计大赛
has_certificate,全国大学生AIGC创意设计大赛证书
has_competition,全国大学生数学建模竞赛
has_certificate,全国大学生数学建模竞赛证书
has_competition,美国大学生数学建模竞赛
has_certificate,美国大学生数学建模竞赛证书
has_competition,全国大学生数学竞赛
has_certificate,全国大学生数学竞赛证书
has_competition,全国大学生物理竞赛
has_certificate,全国大学生物理竞赛证书
has_competition,全国大学生物理实验竞赛
has_certificate,全国大学生物理实验竞赛证书
has_competition,全国大学生化学竞赛
has_certificate,全国大学生化学竞赛证书
has_competition,全国大学生化学实验竞赛
has_certificate,全国大学生化学实验竞赛证书
has_competition,全国大学生生物学竞赛
has_certificate,全国大学生生物学竞赛证书
has_competition,全国大学生生物学实验竞赛
has_certificate,全国大学生生物学实验竞赛证书
has_competition,全国大学生地球科学竞赛
has_certificate,全国大学生地球科学竞赛证书
has_competition,全国大学生天文学竞赛
has_certificate,全国大学生天文学竞赛证书
has_competition,全国大学生统计学竞赛
has_certificate,全国大学生统计学竞赛证书
has_competition,全国大学生运筹学竞赛
has_certificate,全国大学生运筹学竞赛证书
has_competition,全国大学生概率论竞赛
has_certificate,全国大学生概率论竞赛证书
has_competition,全国大学生线性代数竞赛
has_certificate,全国大学生线性代数竞赛证书
has_competition,全国大学生高等数学竞赛
has_certificate,全国大学生高等数学竞赛证书
has_competition,全国大学生微积分竞赛
has_certificate,全国大学生微积分竞赛证书
has_competition,全国大学生数学分析竞赛
has_certificate,全国大学生数学分析竞赛证书
has_competition,全国大学生代数竞赛
has_certificate,全国大学生代数竞赛证书
has_competition,全国大学生几何竞赛
has_certificate,全国大学生几何竞赛证书
has_competition,全国大学生电子设计竞赛
has_certificate,全国大学生电子设计竞赛证书
has_competition,全国大学生电气与自动化大赛
has_certificate,全国大学生电气与自动化大赛证书
has_competition,全国大学生自动化大赛
has_certificate,全国大学生自动化大赛证书
has_competition,全国大学生通信原理竞赛
has_certificate,全国大学生通信原理竞赛证书
has_competition,全国大学生电子信息创新大赛
has_certificate,全国大学生电子信息创新大赛证书
has_competition,全国大学生集成电路设计大赛
has_certificate,全国大学生集成电路设计大赛证书
has_competition,全国大学生FPGA创新设计竞赛
has_certificate,全国大学生FPGA创新设计竞赛证书
has_competition,全国大学生单片机设计大赛
has_certificate,全国大学生单片机设计大赛证书
has_competition,全国大学生嵌入式系统大赛
has_certificate,全国大学生嵌入式系统大赛证书
has_competition,全国大学生电力电子创新大赛
has_certificate,全国大学生电力电子创新大赛证书
has_competition,全国大学生电源设计大赛
has_certificate,全国大学生电源设计大赛证书
has_competition,全国大学生电工电子设计大赛
has_certificate,全国大学生电工电子设计大赛证书
has_competition,全国大学生电工技能大赛
has_certificate,全国大学生电工技能大赛证书
has_competition,全国大学生电子工艺大赛
has_certificate,全国大学生电子工艺大赛证书
has_competition,全国大学生无线电测向竞赛
has_certificate,全国大学生无线电测向竞赛证书
has_competition,全国大学生电子制作大赛
has_certificate,全国大学生电子制作大赛证书
has_competition,全国大学生智能硬件设计大赛
has_certificate,全国大学生智能硬件设计大赛证书
has_competition,全国大学生物联网创新应用大赛
has_certificate,全国大学生物联网创新应用大赛证书
has_competition,全国大学生5G技术应用大赛
has_certificate,全国大学生5G技术应用大赛证书
has_competition,全国大学生光纤通信大赛
has_certificate,全国大学生光纤通信大赛证书
has_competition,全国大学生机械创新设计大赛
has_certificate,全国大学生机械创新设计大赛证书
has_competition,全国大学生先进成图技术与产品信息建模创新大赛
has_certificate,全国大学生先进成图技术与产品信息建模创新大赛证书
has_competition,全国大学生工程训练综合能力竞赛
has_certificate,全国大学生工程训练综合能力竞赛证书
has_competition,全国大学生结构设计竞赛
has_certificate,全国大学生结构设计竞赛证书
has_competition,全国大学生土木工程竞赛
has_certificate,全国大学生土木工程竞赛证书
has_competition,全国大学生建筑设计竞赛
has_certificate,全国大学生建筑设计竞赛证书
has_competition,全国大学生城乡规划设计竞赛
has_certificate,全国大学生城乡规划设计竞赛证书
has_competition,全国大学生风景园林设计竞赛
has_certificate,全国大学生风景园林设计竞赛证书
has_competition,全国大学生环境设计竞赛
has_certificate,全国大学生环境设计竞赛证书
has_competition,全国大学生材料设计大赛
has_certificate,全国大学生材料设计大赛证书
has_competition,全国大学生材料创新大赛
has_certificate,全国大学生材料创新大赛证书
has_competition,全国大学生焊接创新大赛
has_certificate,全国大学生焊接创新大赛证书
has_competition,全国大学生铸造工艺设计大赛
has_certificate,全国大学生铸造工艺设计大赛证书
has_competition,全国大学生模具设计大赛
has_certificate,全国大学生模具设计大赛证书
has_competition,全国大学生数控技能大赛
has_certificate,全国大学生数控技能大赛证书
has_competition,全国大学生3D打印大赛
has_certificate,全国大学生3D打印大赛证书
has_competition,全国大学生工业设计大赛
has_certificate,全国大学生工业设计大赛证书
has_competition,全国大学生产品设计大赛
has_certificate,全国大学生产品设计大赛证书
has_competition,全国大学生工程机械创新大赛
has_certificate,全国大学生工程机械创新大赛证书
has_competition,全国大学生交通科技大赛
has_certificate,全国大学生交通科技大赛证书
has_competition,全国大学生金融创新大赛
has_certificate,全国大学生金融创新大赛证书
has_competition,全国大学生会计技能大赛
has_certificate,全国大学生会计技能大赛证书
has_competition,全国大学生市场营销大赛
has_certificate,全国大学生市场营销大赛证书
has_competition,全国大学生物流设计大赛
has_certificate,全国大学生物流设计大赛证书
has_competition,全国大学生人力资源管理竞赛
has_certificate,全国大学生人力资源管理竞赛证书
has_competition,全国大学生工商管理案例大赛
has_certificate,全国大学生工商管理案例大赛证书
has_competition,全国大学生电子商务大赛
has_certificate,全国大学生电子商务大赛证书
has_competition,全国大学生国际贸易竞赛
has_certificate,全国大学生国际贸易竞赛证书
has_competition,全国大学生经济学综合竞赛
has_certificate,全国大学生经济学综合竞赛证书
has_competition,全国大学生财政学竞赛
has_certificate,全国大学生财政学竞赛证书
has_competition,全国大学生税收筹划大赛
has_certificate,全国大学生税收筹划大赛证书
has_competition,全国大学生审计技能大赛
has_certificate,全国大学生审计技能大赛证书
has_competition,全国大学生资产评估大赛
has_certificate,全国大学生资产评估大赛证书
has_competition,全国大学生银行技能大赛
has_certificate,全国大学生银行技能大赛证书
has_competition,全国大学生证券投资大赛
has_certificate,全国大学生证券投资大赛证书
has_competition,全国大学生期货投资大赛
has_certificate,全国大学生期货投资大赛证书
has_competition,全国大学生保险创新大赛
has_certificate,全国大学生保险创新大赛证书
has_competition,全国大学生供应链管理大赛
has_certificate,全国大学生供应链管理大赛证书
has_competition,全国大学生创业模拟大赛
has_certificate,全国大学生创业模拟大赛证书
has_competition,全国大学生商业计划书大赛
has_certificate,全国大学生商业计划书大赛证书
has_competition,全国大学生英语竞赛
has_certificate,全国大学生英语竞赛证书
has_competition,全国大学生英语演讲比赛
has_certificate,全国大学生英语演讲比赛证书
has_competition,全国大学生英语辩论赛
has_certificate,全国大学生英语辩论赛证书
has_competition,全国大学生英语写作大赛
has_certificate,全国大学生英语写作大赛证书
has_competition,全国大学生翻译大赛
has_certificate,全国大学生翻译大赛证书
has_competition,全国大学生日语竞赛
has_certificate,全国大学生日语竞赛证书
has_competition,全国大学生韩语竞赛
has_certificate,全国大学生韩语竞赛证书
has_competition,全国大学生法语竞赛
has_certificate,全国大学生法语竞赛证书
has_competition,全国大学生德语竞赛
has_certificate,全国大学生德语竞赛证书
has_competition,全国大学生法学专业辩论赛
has_certificate,全国大学生法学专业辩论赛证书
has_competition,全国大学生法律知识竞赛
has_certificate,全国大学生法律知识竞赛证书
has_competition,全国大学生模拟法庭竞赛
has_certificate,全国大学生模拟法庭竞赛证书
has_competition,全国大学生中文创意写作大赛
has_certificate,全国大学生中文创意写作大赛证书
has_competition,全国大学生诗词大赛
has_certificate,全国大学生诗词大赛证书
has_competition,全国大学生汉字听写大会
has_certificate,全国大学生汉字听写大会证书
has_competition,全国大学生成语大会
has_certificate,全国大学生成语大会证书
has_competition,全国大学生国学知识竞赛
has_certificate,全国大学生国学知识竞赛证书
has_competition,全国大学生新闻评论大赛
has_certificate,全国大学生新闻评论大赛证书
has_competition,全国大学生广告艺术大赛
has_certificate,全国大学生广告艺术大赛证书
has_competition,全国大学生播音主持大赛
has_certificate,全国大学生播音主持大赛证书
has_competition,全国大学生生命科学竞赛
has_certificate,全国大学生生命科学竞赛证书
has_competition,全国大学生生物实验技能竞赛
has_certificate,全国大学生生物实验技能竞赛证书
has_competition,全国大学生医学技术技能大赛
has_certificate,全国大学生医学技术技能大赛证书
has_competition,全国大学生护理学技能大赛
has_certificate,全国大学生护理学技能大赛证书
has_competition,全国大学生药学技能大赛
has_certificate,全国大学生药学技能大赛证书
has_competition,全国大学生环境工程竞赛
has_certificate,全国大学生环境工程竞赛证书
has_competition,全国大学生环保知识竞赛
has_certificate,全国大学生环保知识竞赛证书
has_competition,全国大学生节能减排竞赛
has_certificate,全国大学生节能减排竞赛证书
has_competition,全国大学生农业工程竞赛
has_certificate,全国大学生农业工程竞赛证书
has_competition,全国大学生林业工程竞赛
has_certificate,全国大学生林业工程竞赛证书
has_competition,全国大学生食品科学与工程竞赛
has_certificate,全国大学生食品科学与工程竞赛证书
has_competition,全国大学生食品安全知识竞赛
has_certificate,全国大学生食品安全知识竞赛证书
has_competition,全国大学生动物医学竞赛
has_certificate,全国大学生动物医学竞赛证书
has_competition,全国大学生植物保护竞赛
has_certificate,全国大学生植物保护竞赛证书
has_competition,全国大学生园林景观设计大赛
has_certificate,全国大学生园林景观设计大赛证书
has_competition,全国大学生水产养殖竞赛
has_certificate,全国大学生水产养殖竞赛证书
has_competition,全国大学生海洋科学竞赛
has_certificate,全国大学生海洋科学竞赛证书
has_competition,全国大学生气象科学竞赛
has_certificate,全国大学生气象科学竞赛证书
has_competition,全国大学生地质技能竞赛
has_certificate,全国大学生地质技能竞赛证书
has_competition,全国大学生测绘技能竞赛
has_certificate,全国大学生测绘技能竞赛证书
has_competition,挑战杯
has_competition,互联网+
has_competition,蓝桥杯
has_competition,数学建模
has_competition,acm
has_competition,icpc
has_competition,获奖
has_competition,一等奖
has_competition,二等奖
has_competition,三等奖
has_competition,创新创业

has_learning_evidence,自学
has_learning_evidence,快速学习
has_learning_evidence,独立学习
has_learning_evidence,阅读文档
has_learning_evidence,阅读论文
has_learning_evidence,持续学习
has_learning_evidence,主动学习
has_learning_evidence,自主学习
has_learning_evidence,终身学习
has_learning_evidence,热爱学习
has_learning_evidence,勤于学习
has_learning_evidence,善于学习
has_learning_evidence,刻苦学习
has_learning_evidence,勤奋学习
has_learning_evidence,虚心学习
has_learning_evidence,举一反三
has_learning_evidence,触类旁通
has_learning_evidence,融会贯通
has_learning_evidence,学以致用
has_learning_evidence,理论联系实际
has_learning_evidence,边学边练
has_learning_evidence,实践学习
has_learning_evidence,动手学习
has_learning_evidence,高效学习
has_learning_evidence,深度学习
has_learning_evidence,系统化学习
has_learning_evidence,结构化学习
has_learning_evidence,碎片化学习
has_learning_evidence,复盘学习
has_learning_evidence,总结学习
has_learning_evidence,归纳学习
has_learning_evidence,看官方文档
has_learning_evidence,看开源代码
has_learning_evidence,看技术文章
has_learning_evidence,看行业报告
has_learning_evidence,看白皮书
has_learning_evidence,参加线上课程
has_learning_evidence,参加网课
has_learning_evidence,参加技术分享
has_learning_evidence,参加研讨会
has_learning_evidence,做笔记
has_learning_evidence,写总结
has_learning_evidence,做项目练手
has_learning_evidence,做实验
has_learning_evidence,刷题
has_learning_evidence,做实战
has_learning_evidence,构建知识体系
has_learning_evidence,拓展知识面
has_learning_evidence,自我提升
has_learning_evidence,自我迭代
has_learning_evidence,自我驱动

has_communication_evidence,沟通
has_communication_evidence,协作
has_communication_evidence,团队合作
has_communication_evidence,团队协作
has_communication_evidence,跨部门
has_communication_evidence,表达能力
has_communication_evidence,组织协调
has_communication_evidence,口头表达
has_communication_evidence,书面表达
has_communication_evidence,清晰表达
has_communication_evidence,逻辑表达
has_communication_evidence,有效沟通
has_communication_evidence,高效沟通
has_communication_evidence,双向沟通
has_communication_evidence,主动沟通
has_communication_evidence,及时沟通
has_communication_evidence,倾听能力
has_communication_evidence,同理心
has_communication_evidence,换位思考
has_communication_evidence,团队配合
has_communication_evidence,协同工作
has_communication_evidence,分工合作
has_communication_evidence,互帮互助
has_communication_evidence,集体意识
has_communication_evidence,大局观
has_communication_evidence,组织能力
has_communication_evidence,协调能力
has_communication_evidence,统筹协调
has_communication_evidence,资源协调
has_communication_evidence,人员协调
has_communication_evidence,跨团队
has_communication_evidence,跨公司
has_communication_evidence,跨地域
has_communication_evidence,跨学科
has_communication_evidence,客户对接
has_communication_evidence,需求沟通
has_communication_evidence,商务沟通
has_communication_evidence,技术沟通
has_communication_evidence,产品沟通
has_communication_evidence,会议主持
has_communication_evidence,会议组织
has_communication_evidence,会议记录
has_communication_evidence,汇报工作
has_communication_evidence,工作汇报
has_communication_evidence,进度同步
has_communication_evidence,信息同步
has_communication_evidence,冲突协调
has_communication_evidence,矛盾调解
has_communication_evidence,说服能力
has_communication_evidence,谈判能力
has_communication_evidence,沟通
has_communication_evidence,协作
has_communication_evidence,团队合作
has_communication_evidence,团队协作
has_communication_evidence,跨部门
has_communication_evidence,表达能力
has_communication_evidence,组织协调

has_pressure_evidence,抗压
has_pressure_evidence,压力
has_pressure_evidence,高强度
has_pressure_evidence,按时交付
has_pressure_evidence,deadline
has_pressure_evidence,多任务
has_pressure_evidence,抗压力
has_pressure_evidence,抗压能力
has_pressure_evidence,承受压力
has_pressure_evidence,适应压力
has_pressure_evidence,压力管理
has_pressure_evidence,高负荷
has_pressure_evidence,快节奏
has_pressure_evidence,加班
has_pressure_evidence,连轴转
has_pressure_evidence,高强度工作
has_pressure_evidence,高负荷工作
has_pressure_evidence,快节奏工作
has_pressure_evidence,紧急任务
has_pressure_evidence,突击任务
has_pressure_evidence,临时任务
has_pressure_evidence,赶工期
has_pressure_evidence,赶进度
has_pressure_evidence,按期交付
has_pressure_evidence,准时交付
has_pressure_evidence,保质保量
has_pressure_evidence,如期完成
has_pressure_evidence,提前完成
has_pressure_evidence,多线程工作
has_pressure_evidence,并行处理
has_pressure_evidence,同时处理
has_pressure_evidence,任务切换
has_pressure_evidence,时间管理
has_pressure_evidence,优先级
has_pressure_evidence,合理安排
has_pressure_evidence,高效执行
has_pressure_evidence,快速响应
has_pressure_evidence,勇于承担
has_pressure_evidence,敢于担当
has_pressure_evidence,吃苦耐劳
has_pressure_evidence,任劳任怨
has_pressure_evidence,坚韧不拔
has_pressure_evidence,坚持不懈
has_pressure_evidence,迎难而上
has_pressure_evidence,攻坚克难
has_pressure_evidence,解决问题
has_pressure_evidence,临危不乱
has_pressure_evidence,处变不惊
has_pressure_evidence,认真负责
has_pressure_evidence,严谨细致

has_project,项目
has_project,project
has_project,课程设计
has_project,毕业设计
has_project,毕设
has_project,系统设计
has_project,开发了
has_project,负责开发
has_project,主导项目
has_project,参与项目
has_project,牵头项目
has_project,核心成员
has_project,项目负责人
has_project,技术负责人
has_project,项目经理
has_project,个人项目
has_project,团队项目
has_project,实习项目
has_project,竞赛项目
has_project,开源项目
has_project,商业项目
has_project,企业项目
has_project,科研项目
has_project,课程项目
has_project,需求分析
has_project,概要设计
has_project,详细设计
has_project,数据库设计
has_project,接口设计
has_project,架构设计
has_project,模块设计
has_project,功能设计
has_project,编码实现
has_project,独立开发
has_project,协同开发
has_project,前后端开发
has_project,全栈开发
has_project,后端开发
has_project,前端开发
has_project,算法开发
has_project,测试
has_project,部署
has_project,上线
has_project,维护
has_project,迭代
has_project,重构
has_project,优化
has_project,交付
has_project,验收
has_project,完成
has_project,实现

skill,python
skill,java
skill,c++
skill,c#
skill,go
skill,javascript
skill,typescript
skill,html
skill,css
skill,vue
skill,react
skill,angular
skill,spring
skill,springboot
skill,springcloud
skill,mybatis
skill,sql
skill,mysql
skill,oracle
skill,postgresql
skill,redis
skill,kafka
skill,linux
skill,git
skill,docker
skill,k8s
skill,pandas
skill,numpy
skill,sklearn
skill,pytorch
skill,tensorflow
skill,opencv
skill,机器学习
skill,深度学习
skill,推荐系统
skill,自然语言处理
skill,计算机视觉
skill,数据分析
skill,数据挖掘
skill,大模型
skill,llm
skill,nlp
skill,cv
skill,hadoop
skill,spark
skill,flink
skill,测试
skill,实施
skill,运维
skill,前端
skill,后端
skill,算法
skill,嵌入式
skill,硬件
skill,mes
skill,erp
skill,wms
skill,iot
skill,plc
skill,rust
skill,scala
skill,kotlin
skill,swift
skill,php
skill,html5
skill,css3
skill,shell
skill,matlab
skill,r
skill,lua
skill,汇编语言
skill,perl
skill,jquery
skill,uni-app
skill,微信小程序
skill,flutter
skill,webpack
skill,vite
skill,element-ui
skill,antd
skill,nuxt
skill,nextjs
skill,tailwindcss
skill,svelte
skill,quasar
skill,django
skill,flask
skill,fastapi
skill,nodejs
skill,express
skill,gin
skill,beego
skill,nestjs
skill,tomcat
skill,jboss
skill,sqlserver
skill,sqlite
skill,mongodb
skill,elasticsearch
skill,hbase
skill,cassandra
skill,达梦数据库
skill,人大金仓
skill,国产数据库
skill,存储过程
skill,索引优化
skill,rabbitmq
skill,rocketmq
skill,hive
skill,zookeeper
skill,flume
skill,sqoop
skill,matplotlib
skill,tableau
skill,powerbi
skill,superset
skill,datax
skill,nginx
skill,ansible
skill,prometheus
skill,grafana
skill,harbor
skill,ci/cd
skill,devops
skill,langchain
skill,rag
skill,aigc
skill,selenium
skill,appium
skill,jmeter
skill,postman
skill,pytest
skill,junit
skill,接口测试
skill,自动化测试
skill,性能测试
skill,黑盒测试
skill,白盒测试
skill,回归测试
skill,禅道
skill,jira
skill,单片机
skill,stm32
skill,fpga
skill,verilog
skill,vhdl
skill,arm
skill,rtos
skill,freertos
skill,autosar
skill,can
skill,modbus
skill,opc
skill,5g
skill,lora
skill,nb-iot
skill,蓝牙
skill,zigbee
skill,电源设计
skill,pcb设计
skill,altium designer
skill,cadence
skill,solidworks
skill,ug
skill,catia
skill,proe
skill,creo
skill,ansys
skill,abaqus
skill,hypermesh
skill,cad
skill,caxa
skill,数控编程
skill,加工中心
skill,夹具设计
skill,液压传动
skill,气动控制
skill,revit
skill,civil3d
skill,tekla
skill,pkpm
skill,盈建科
skill,gis
skill,工程测量
skill,工程造价
skill,广联达
skill,品茗
skill,混凝土
skill,钢结构
skill,装配式建筑
skill,高效液相色谱
skill,气相色谱质谱
skill,pcr检测
skill,细胞培养
skill,发酵工艺
skill,精馏
skill,环境评价
skill,污水处理
skill,voc治理
skill,origin绘图
skill,chemdraw
skill,工厂设计
skill,高通量测序
skill,流式细胞仪
skill,病理切片
skill,药理实验
skill,gcp
skill,gmp
skill,ct操作
skill,核磁
skill,护士证
skill,执业医师证
skill,用友
skill,金蝶
skill,sap
skill,excel高级
skill,vlookup
skill,数据透视表
skill,会计电算化
skill,初级会计证
skill,中级会计证
skill,注册会计师
skill,税务师
skill,审计
skill,纳税申报
skill,资产评估
skill,银行从业
skill,证券从业
skill,基金从业
skill,风险控制
skill,信贷业务
skill,人力资源管理
skill,招聘
skill,薪酬绩效
skill,社保操作
skill,劳动法
skill,劳动合同
skill,ehr系统
skill,北森系统
skill,photoshop
skill,illustrator
skill,indesign
skill,coreldraw
skill,sketch
skill,figma
skill,3dmax
skill,maya
skill,blender
skill,c4d
skill,sketchup
skill,草图大师
skill,室内设计
skill,平面设计
skill,cet4
skill,cet6
skill,专四
skill,专八
skill,雅思
skill,托福
skill,英语口语
skill,英语翻译
skill,教资
skill,教师资格证
skill,普通话证书
skill,教育学
skill,教育心理学
skill,课程设计
skill,课堂管理
skill,课件制作
skill,法考a证
skill,法律资格证
skill,公文写作
skill,申论
skill,行测
skill,公务员能力
skill,仓储
skill,物流系统
skill,供应链管理
skill,快递运营
skill,电商运营
skill,淘宝运营
skill,抖音运营
skill,新媒体运营
skill,office
skill,word
skill,ppt
skill,visio
skill,project
skill,沟通
skill,团队协作
skill,抗压
skill,时间管理
skill,报告撰写
skill,资料整理