resume_id,resume_text
resume_001,计算机专业，熟悉Python、Java，有2个项目经验（图书管理系统、学生成绩分析），参加过蓝桥杯竞赛获省三，有Python开发实习经历，会使用MySQL、Redis，自学过机器学习基础，能独立完成需求开发，团队协作能力强，能承受项目deadlines
resume_002,软件工程专业，掌握JavaScript、Vue、React，前端开发经验3年，做过企业官网、电商小程序，熟悉Webpack、Vite，了解后端SpringBoot框架，有字节跳动实习经历，参与过跨部门项目，沟通能力良好，能快速学习新技术
resume_003,电子信息工程专业，精通STM32、PLC编程，熟悉嵌入式开发，做过智能小车、环境监测设备，会使用Altium Designer画PCB，参加过全国电子设计竞赛，有自动化公司实习经历，能独立完成硬件调试，抗压能力强
resume_004,数据科学专业，熟练使用Python、SQL，掌握Pandas、Numpy、Sklearn，做过用户行为分析、推荐系统项目，熟悉机器学习算法，有数据分析师实习经历，会使用Tableau可视化，能撰写数据分析报告，团队合作经验丰富
resume_005,机械设计专业，精通SolidWorks、UG，会CAD制图，做过机械结构设计、夹具设计项目，参加过机械创新设计大赛，有重工企业实习经历，了解液压传动、气动控制，能独立完成设计方案，细心严谨
resume_006,市场营销专业，熟悉电商运营、新媒体运营，做过淘宝店铺运营、抖音短视频推广，有618、双11大促经验，会使用Excel做数据透视表，有互联网公司实习经历，沟通能力强，能制定营销方案
resume_007,会计学专业，持有初级会计证、英语六级，熟悉用友、金蝶软件，做过财务报表编制、纳税申报，有会计师事务所实习经历，会使用VLOOKUP函数，了解税法法规，细心负责，能承受月末结账压力
resume_008,土木工程专业，掌握BIM、Revit、PKPM，做过建筑结构设计、施工方案编制，参加过结构设计竞赛，有建筑公司实习经历，了解混凝土、钢结构施工，能现场协调施工，抗压能力强
resume_009,人工智能专业，熟练使用PyTorch、TensorFlow，掌握深度学习、计算机视觉，做过图像识别、NLP文本分类项目，参加过AI创新大赛，有AI公司实习经历，会使用Git版本控制，能快速迭代模型
resume_010,英语专业，持有专八证书、雅思7.5，做过英语翻译、外贸跟单，有外贸公司实习经历，熟悉跨境电商流程，沟通能力强，能独立对接国外客户，了解国际贸易法规
resume_011,自动化专业，精通PLC、变频器，熟悉工业自动化控制，做过生产线自动化改造项目，有自动化公司实习经历，会使用WinCC组态，了解PID控制，能独立完成设备调试，团队协作能力强
resume_012,视觉设计专业，精通PS、Figma、Sketch，做过品牌设计、UI界面设计，有设计公司实习经历，熟悉平面设计、交互设计，能独立完成设计方案，审美能力强，能快速响应需求变更
resume_013,通信工程专业，掌握5G技术、信号处理，做过通信设备测试、网络优化项目，参加过通信原理竞赛，有运营商实习经历，熟悉TCP/IP协议，能独立排查网络故障，学习能力强
resume_014,人力资源专业，持有人力资源管理师证书，做过招聘、薪酬绩效核算，有互联网公司HR实习经历，熟悉劳动法，会使用E-HR系统，沟通协调能力强，能组织员工培训
resume_015,环境工程专业，掌握环评、污水治理技术，做过工业园区环评报告，参加过环保竞赛，有环保公司实习经历，熟悉环境监测设备，能独立完成采样分析，责任心强
resume_016,药学专业，持有药师资格证，熟悉药品研发、质量检测，做过药物制剂实验，有药企实习经历，了解GMP规范，会使用HPLC检测，细心严谨，能承受实验周期压力
resume_017,物流管理专业，熟悉仓储管理、供应链优化，做过物流系统设计、库存管理，有物流公司实习经历，会使用WMS系统，了解快递运营流程，沟通能力强，能协调跨区域物流
resume_018,法律专业，持有法律职业资格证，做过合同审查、法律咨询，有律所实习经历，熟悉民法典、公司法，能撰写法律文书，逻辑思维强，能应对复杂法律问题
resume_019,教育专业，持有教师资格证，做过中小学教学、课程设计，有培训机构实习经历，熟悉教育学、心理学，会制作课件，沟通能力强，能调动课堂氛围
resume_020,化学工程专业，掌握化工工艺、精馏技术，做过化工生产流程优化，参加过化工竞赛，有化工企业实习经历，熟悉Origin绘图，能独立完成实验数据处理，细心负责
resume_021,网络安全专业，熟悉渗透测试、CTF竞赛，掌握Python脚本编写，做过Web漏洞挖掘、内网渗透项目，参加过全国网络安全竞赛获奖，有安全公司实习经历，熟悉Linux系统，了解防火墙配置，学习能力强
resume_022,Java后端开发方向，掌握SpringBoot、MyBatis、MySQL，做过电商后台系统、订单管理系统，熟悉Redis缓存、RabbitMQ消息队列，有互联网公司Java开发实习经历，了解Docker容器化部署，能独立完成接口开发，抗压能力强
resume_023,生物医学工程专业，熟悉医学影像处理、PCR检测，做过医疗设备软件开发，参加过生物医学竞赛，有医疗器械公司实习经历，掌握Python数据处理，了解DICOM标准，细心严谨，责任心强
resume_024,金融学专业，持有证券从业资格证、基金从业资格证，做过股票量化分析、风险控制模型，有券商实习经历，熟悉Python金融数据分析，会使用Wind数据库，了解期货期权，逻辑思维强
resume_025,建筑学专业，精通SketchUp、Revit、AutoCAD，做过住宅小区规划设计、商业综合体方案，参加过全国大学生建筑设计竞赛，有建筑设计院实习经历，了解建筑规范，审美能力强，能独立完成方案汇报
resume_026,护理专业，持有护士资格证，做过临床护理、健康宣教，有三甲医院实习经历，熟悉护理操作规范，了解常见疾病护理，沟通能力强，能承受夜班压力，责任心强
resume_027,工业设计专业，精通Rhino、KeyShot、PS，做过消费电子产品设计、家具设计，参加过红点设计竞赛，有设计公司实习经历，了解人机工程学，能独立完成从草图到效果图全流程，创意能力强
resume_028,统计学专业，熟练使用R语言、Python、SPSS，做过医学数据统计分析、市场调研数据处理，有数据分析实习经历，掌握回归分析、假设检验，会使用Tableau可视化，能撰写统计报告，逻辑严谨
resume_029,电气工程专业，掌握电力系统分析、变电站设计，做过配电网优化项目，参加过电气工程竞赛，有电力公司实习经历，熟悉AutoCAD电气制图，了解继电保护，能独立完成电气设计，抗压能力强
resume_030,新闻传播专业，熟悉新媒体内容运营、视频剪辑，做过微信公众号运营、B站视频制作，有媒体公司实习经历，会使用PR、AE剪辑，了解SEO优化，文案写作能力强，能快速响应热点
resume_031,Python全栈开发方向，掌握Django、FastAPI、Vue，做过在线教育平台、任务管理系统，熟悉PostgreSQL、Redis，有创业公司全栈开发实习经历，了解Nginx部署，参加过黑客马拉松，能独立完成前后端开发
resume_032,数字媒体艺术专业，精通C4D、Blender、AE，做过品牌宣传片、三维动画，有广告公司实习经历，熟悉动态设计、视觉特效，了解Unity基础，创意能力强，能承受高强度项目压力
resume_033,测绘工程专业，掌握ArcGIS、CASS、无人机测绘，做过城市地形图测绘、土地调查项目，参加过测绘技能竞赛，有测绘院实习经历，熟悉GPS定位技术，能独立完成外业测量，吃苦耐劳
resume_034,食品科学专业，熟悉食品质量检测、HACCP管理，做过食品配方研发、感官评价实验，有食品企业实习经历，了解食品安全法规，会使用色谱仪检测，细心严谨，责任心强
resume_035,Go语言后端开发方向，掌握Gin框架、gRPC、Kubernetes，做过微服务架构设计、高并发系统优化，有大厂后端开发实习经历，熟悉Docker、CI/CD流程，了解分布式系统，参加过开源项目贡献，能独立设计系统架构
resume_036,心理学专业，持有心理咨询师证书，做过心理健康教育、团体辅导，有学校心理中心实习经历，熟悉心理测评工具，了解认知行为疗法，沟通共情能力强，能处理危机干预
resume_037,运维工程师方向，掌握Linux、Docker、Kubernetes、Ansible，做过服务器集群管理、自动化运维平台，有互联网公司运维实习经历，熟悉Prometheus监控、ELK日志分析，了解网络安全，能独立处理线上故障
resume_038,国际贸易专业，持有英语六级、报关员资格证，做过进出口贸易跟单、海关申报，有外贸公司实习经历，熟悉信用证操作，了解国际贸易术语，沟通能力强，能独立对接国外供应商
resume_039,材料科学专业，掌握金属材料热处理、高分子材料合成，做过新型复合材料研发，参加过材料创新竞赛，有材料研究院实习经历，熟悉SEM电镜操作，了解材料力学性能测试，细心严谨
resume_040,行政管理专业，熟悉公文写作、会议组织，做过企业行政管理、档案整理，有大型企业行政实习经历，会使用Office全套，了解企业管理制度，沟通协调能力强，能承受多任务并行压力
resume_041,数据库开发方向，精通MySQL、PostgreSQL、Oracle，做过数据库性能优化、存储过程开发，有金融公司DBA实习经历，熟悉索引优化、慢查询分析，了解Redis集群，能独立完成数据库架构设计，抗压能力强
resume_042,生物技术专业，掌握细胞培养、基因克隆、流式细胞仪操作，做过蛋白质表达纯化实验，参加过生命科学竞赛，有生物公司实习经历，熟悉PCR技术，了解生物信息学基础，细心严谨
resume_043,Android开发方向，掌握Kotlin、Java、Jetpack组件，做过电商App、健康管理App，有互联网公司Android开发实习经历，熟悉MVVM架构，了解性能优化，会使用Git协作开发，能独立完成App从开发到上线
resume_044,工程造价专业，掌握广联达、品茗软件，做过建筑工程预算、结算审核，有建设单位实习经历，熟悉工程量清单计价，了解建筑材料市场价格，细心负责，能承受项目结算压力
resume_045,大数据开发方向，掌握Hadoop、Spark、Flink、Kafka，做过实时数据处理平台、用户画像系统，有大数据公司实习经历，熟悉Hive数仓建设，了解数据治理，会使用Python进行数据清洗，能独立完成ETL流程
resume_046,iOS开发方向，掌握Swift、Objective-C、SwiftUI，做过社交App、工具类App，有互联网公司iOS开发实习经历，熟悉MVC/MVVM架构，了解App性能优化，会使用Instruments调试，能独立完成App开发上架
resume_047,广告学专业，熟悉品牌策划、整合营销传播，做过品牌推广方案、广告创意策划，有广告公司实习经历，会使用PS制作物料，了解SEM/SEO，文案创意能力强，能独立完成提案汇报
resume_048,测试工程师方向，掌握Selenium、Appium、JMeter，做过Web自动化测试、App性能测试，有互联网公司测试实习经历，熟悉接口测试、回归测试，了解Python测试框架，会使用禅道管理缺陷，能独立完成测试方案设计
resume_049,社会工作专业，持有社会工作者证书，做过社区服务、困难群体帮扶，有社会服务机构实习经历，熟悉个案工作、小组工作方法，沟通共情能力强，了解社会政策法规，责任心强
resume_050,嵌入式AI方向，掌握Python、C语言、TensorFlow Lite，做过边缘计算设备部署、人脸识别嵌入式系统，参加过嵌入式AI竞赛，有IoT公司实习经历，熟悉ARM架构、RTOS，了解模型量化压缩，能独立完成端侧推理优化
resume_051,信息管理与信息系统专业，熟悉ERP系统、企业流程管理，掌握SQL、Python，做过企业信息系统实施项目，有管理咨询公司实习经历，了解需求分析、系统上线流程，沟通协调能力强，能独立完成用户培训
resume_052,产品经理方向，熟悉Axure、墨刀、XMind，做过移动端产品原型设计、需求文档撰写，有互联网公司产品实习经历，了解用户调研、竞品分析、版本迭代流程，逻辑清晰，沟通表达能力强
resume_053,游戏开发专业，掌握Unity、C#、Shader基础，做过2D休闲游戏、闯关小游戏，参加过游戏制作大赛，有游戏公司实习经历，熟悉动画状态机、物理引擎，能独立完成小游戏完整开发
resume_054,金融科技专业，熟悉区块链基础、智能合约、量化交易，掌握Python、Solidity，做过数字货币量化策略、去中心化应用，有区块链公司实习经历，了解以太坊、Hyperledger，逻辑思维强
resume_055,会展经济与管理专业，熟悉展会策划、展位设计、现场执行，做过大型展会招商、现场运营，有会展公司实习经历，会使用Excel做预算表，沟通能力强，能应对突发现场问题
resume_056,影视编导专业，熟悉剧本创作、分镜设计、视频拍摄剪辑，做过微电影、宣传片，有影视公司实习经历，会使用PR、AE、Davinci，创意能力强，能独立完成从脚本到成片全流程
resume_057,学前教育专业，持有幼儿园教师资格证，熟悉幼儿教学、游戏设计、环境创设，有幼儿园实习经历，了解儿童发展心理学，耐心细心，能与家长高效沟通
resume_058,交通运输专业，熟悉交通规划、物流调度、运输方案设计，做过城市交通流量分析项目，有交通规划院实习经历，掌握TransCAD基础，逻辑思维强，能独立完成运输方案优化
resume_059,酒店管理专业，熟悉前台接待、客房管理、餐饮服务，做过酒店运营实习，有国际联号酒店实习经历，掌握Opera系统，服务意识强，英语流利，能应对外宾接待
resume_060,知识产权专业，熟悉专利申请、商标注册、版权登记流程，做过专利文书撰写、侵权分析，有知识产权事务所实习经历，了解专利法、商标法，细心严谨，逻辑思维强
resume_061,智能制造专业，熟悉工业机器人、机器视觉、数字孪生，做过生产线智能化改造项目，有智能制造企业实习经历，掌握RobotStudio基础，动手能力强，能独立完成设备调试
resume_062,航海技术专业，熟悉船舶驾驶、航海仪器、货运操作，持有基本安全证书，有远洋航运公司实习经历，了解国际海上避碰规则，责任心强，能适应长期出海工作
resume_063,水产养殖专业，熟悉水产动物繁育、水质调控、病害防治，做过养殖基地水质监测项目，有水产企业实习经历，能吃苦耐劳，细心严谨，具备较强现场实操能力
resume_064,林学专业，熟悉森林培育、资源调查、生态监测，做过林地勘测、植被恢复项目，有林业勘察院实习经历，掌握ArcGIS制图，能适应户外作业，责任心强
resume_065,动物医学专业，持有执业兽医师资格证，熟悉动物诊疗、疫苗接种、疾病检测，有宠物医院实习经历，了解兽药使用规范，动手能力强，有爱心与责任心
resume_066,旅游管理专业，熟悉导游带团、线路规划、景区运营，持有导游资格证，有旅行社、景区实习经历，沟通表达能力强，知识面广，能应对各类突发状况
resume_067,秘书学专业，熟悉公文写作、会议管理、档案管理，掌握Office高级应用，有政府机关、企业文秘实习经历，细心严谨，沟通协调能力强，能高效完成多任务处理
resume_068,服装设计专业，精通PS、AI、CDR，熟悉服装制版、缝纫工艺、面料知识，做过服装系列设计、成衣制作，参加过服装设计大赛，有服装公司实习经历，审美与创意能力强
resume_069,包装工程专业，熟悉包装结构设计、包装材料、包装测试，掌握AutoCAD、ArtiosCAD，做过食品包装、缓冲包装设计项目，有包装企业实习经历，动手能力强，细心严谨
resume_070,印刷工程专业，熟悉印刷流程、色彩管理、印前制作，掌握Photoshop、InDesign、Illustrator，做过印前排版、色彩校正项目，有印刷企业实习经历，细心严谨，对色彩敏感度高
resume_071,能源与动力工程专业，熟悉热能转换、动力系统、制冷空调，做过能源系统优化、暖通设计项目，有能源企业实习经历，掌握CAD制图，逻辑思维强，能独立完成系统方案设计
resume_072,飞行器设计专业，熟悉航空航天基础、飞行器结构、CATIA，做过无人机设计、航模制作，参加过航空航天竞赛，有航空企业实习经历，动手能力强，逻辑严谨
resume_073,车辆工程专业，熟悉汽车构造、车身设计、汽车电子，掌握CATIA、Adams，做过赛车设计、新能源汽车部件优化，参加过FSAE赛车竞赛，有车企实习经历，动手能力强
resume_074,石油工程专业，熟悉钻井工程、采油工程、油藏模拟，做过油田开发方案设计，有石油企业实习经历，能适应野外作业，吃苦耐劳，责任心强
resume_075,地质工程专业，熟悉地质勘探、岩土工程、地质灾害评估，做过地质勘察报告编制，有地质勘察院实习经历，能适应户外作业，动手能力强，细心严谨
resume_076,采矿工程专业，熟悉矿山开采、通风安全、矿山测量，做过采矿方案设计、安全评估项目，有矿业企业实习经历，能适应井下作业，吃苦耐劳，责任心强
resume_077,纺织工程专业，熟悉纺织材料、纺纱织造、染整工艺，做过面料开发、纺织品设计项目，有纺织企业实习经历，细心严谨，动手能力强，具备较强工艺优化能力
resume_078,轻化工程专业，熟悉制浆造纸、皮革工程、染料助剂，做过造纸工艺优化、皮革处理实验，有轻工企业实习经历，细心严谨，动手能力强，能独立完成实验分析
resume_079,海洋工程专业，熟悉海洋结构物、海洋资源勘探、水下工程，做过海洋平台设计、海洋环境监测项目，有海洋工程企业实习经历，能适应海上作业，责任心强
resume_080,农业工程专业，熟悉农业机械、节水灌溉、农田规划，做过农业设备改造、智慧农业项目，有农业科技公司实习经历，动手能力强，能适应田间作业
resume_081,园艺专业，熟悉花卉栽培、园林植物、盆景制作，做过园林景观设计、绿植养护项目，有园林公司实习经历，动手能力强，有耐心，审美能力良好
resume_082,园林专业，熟悉园林规划、植物配置、施工图设计，掌握SU、CAD、Lumion，做过小区园林、公园景观设计，有园林设计院实习经历，审美能力强
resume_083,蚕学专业，熟悉蚕桑养殖、蚕种繁育、蚕丝加工，做过蚕病防治、蚕丝品质检测项目，有蚕业科技公司实习经历，细心严谨，动手能力强，责任心强
resume_084,草业科学专业，熟悉草坪建植、牧草栽培、草地生态，做过足球场草坪养护、草原生态修复项目，有草业企业实习经历，能适应户外作业，吃苦耐劳
resume_085,基础医学专业，熟悉人体解剖、生理学、病理学，做过基础医学实验、细胞培养，有医学院实验室实习经历，细心严谨，动手能力强，具备科研思维
resume_086,口腔医学专业，持有口腔执业医师资格证，熟悉口腔检查、补牙、拔牙基础操作，有口腔医院实习经历，动手能力强，细心严谨，服务意识强
resume_087,中医学专业，持有中医执业医师资格证，熟悉中医诊断、针灸推拿、中药方剂，有中医院实习经历，沟通能力强，细心严谨，热爱中医事业
resume_088,针灸推拿专业，持有推拿师资格证，熟悉经络穴位、针灸操作、推拿手法，有中医馆实习经历，动手能力强，耐心细心，服务意识强
resume_089,医学检验技术专业，熟悉临床检验、生化检验、免疫检验，持有检验技师资格证，有医院检验科实习经历，细心严谨，动手能力强，责任心强
resume_090,医学影像技术专业，熟悉CT、MRI、DR设备操作，熟悉影像后处理，有医院放射科实习经历，动手能力强，细心严谨，能规范操作大型设备
resume_091,康复治疗学专业，熟悉运动疗法、作业疗法、康复评定，持有康复治疗师证，有医院康复科实习经历，动手能力强，耐心细心，沟通能力良好
resume_092,卫生检验与检疫专业，熟悉病原检测、卫生监测、检疫流程，有疾控中心实习经历，细心严谨，动手能力强，具备公共卫生安全意识
resume_093,眼视光技术专业，熟悉验光配镜、角膜塑形镜、视功能检查，持有验光师资格证，有眼镜店、眼科医院实习经历，动手能力强，细心严谨
resume_094,美容医学专业，熟悉皮肤护理、激光美容、医美咨询，有医美机构实习经历，服务意识强，沟通能力良好，形象气质佳，细心耐心
resume_095,公共卫生专业，熟悉流行病调查、卫生统计、健康教育，有疾控中心实习经历，逻辑思维强，沟通能力良好，具备公共卫生应急处理能力
resume_096,卫生管理专业，熟悉医院管理、卫生政策、医保管理，有医院行政部门实习经历，掌握公文写作，沟通协调能力强，细心严谨
resume_097,健康服务与管理专业，熟悉健康管理、体检报告解读、慢病管理，有健康管理公司实习经历，沟通能力强，服务意识好，具备健康科普能力
resume_098,养老服务管理专业，熟悉养老机构运营、老年护理、老年活动策划，有养老机构实习经历，耐心细心，责任心强，热爱养老服务事业
resume_099,文物保护技术专业，熟悉文物修复、文物鉴定、文物数字化，做过文物修复、三维扫描项目，有博物馆实习经历，细心严谨，动手能力强，历史文化素养高
resume_100,档案学专业，熟悉档案整理、数字化加工、档案管理系统，有档案馆、企事业单位档案室实习经历，细心严谨，责任心强，能高效完成档案规范化处理
resume_101,图书馆学专业，熟悉图书分类、编目、借阅管理、信息检索，有图书馆实习经历，细心严谨，服务意识强，具备信息组织与检索能力
resume_102,信息资源管理专业，熟悉数据治理、知识管理、信息系统维护，有企业信息部门实习经历，掌握SQL、Excel数据分析，逻辑思维强
resume_103,教育学专业，持有高级中学教师资格证，熟悉学科教学、班级管理、教学设计，有中学实习经历，沟通能力强，热爱教育事业，课堂把控能力良好
resume_104,小学教育专业，持有小学教师资格证，熟悉小学语文、数学教学，做过课堂设计、作业设计，有小学实习经历，耐心细心，喜欢与儿童相处
resume_105,特殊教育专业，持有特殊教育教师资格证，熟悉特殊儿童康复、个别化教育，有特殊教育学校实习经历，爱心耐心强，沟通能力良好，责任心极强
resume_106,艺术教育专业，持有艺术教师资格证，熟悉美术、音乐教学，做过艺术活动策划、课程设计，有艺术培训机构实习经历，审美能力强，善于启发学生创造力
resume_107,运动训练专业，持有运动员等级证书、教练资格证，专项为篮球/足球/羽毛球，做过体能训练、赛事组织，有体育培训机构实习经历，身体素质好，责任心强
resume_108,社会体育指导与管理专业，持有社会体育指导员证，熟悉健身指导、赛事运营、体育场馆管理，有健身俱乐部、体育中心实习经历，沟通能力强，服务意识好
resume_109,休闲体育专业，熟悉户外拓展、营地教育、体育旅游，做过拓展活动策划、户外领队，有户外体育公司实习经历，身体素质好，应变能力强
resume_110,音乐表演专业，精通声乐/钢琴/器乐，参加过省级文艺演出，有艺术团体、培训机构实习经历，舞台表现力强，形象气质佳，教学能力良好
resume_111,作曲与作曲技术理论专业，熟悉和声、配器、音乐制作，做过歌曲创作、配乐制作，有音乐工作室实习经历，乐感好，创意能力强，熟练使用Cubase
resume_112,舞蹈编导专业，精通民族舞/古典舞/现代舞，做过舞蹈编排、舞台表演，有文艺团体、培训机构实习经历，肢体表现力强，有创意，善于编排节目
resume_113,表演专业，熟悉台词、表演、形体、声乐，参加过话剧、微电影拍摄，有影视公司、话剧团实习经历，表现力强，形象气质佳
resume_114,戏剧影视文学专业，熟悉剧本创作、影评写作、节目策划，做过微电影剧本、短视频脚本，有影视公司实习经历，文字功底强，创意丰富
resume_115,播音与主持艺术专业，持有普通话一级乙等以上证书，熟悉新闻播音、活动主持、配音，有电视台、传媒公司实习经历，形象气质佳，语言表达能力强
resume_116,动画专业，精通Flash、Toon Boom、AE，做过二维动画、动态表情包、短视频动画，有动画公司实习经历，创意能力强，绘画与动画表现力好
resume_117,美术学专业，精通素描、色彩、国画/油画，做过美术创作、美术教学，有美术馆、培训机构实习经历，绘画功底扎实，审美能力强
resume_118,绘画专业，精通油画/国画/版画/水彩画，举办过个人作品展览，有艺术工作室实习经历，绘画功底扎实，艺术创作能力强
resume_119,雕塑专业，熟悉泥塑、3D扫描、雕刻加工，做过人物雕塑、景观雕塑设计制作，有雕塑工作室实习经历，动手能力强，空间造型能力好
resume_120,摄影专业，精通人像、风光、商业摄影，熟练使用PS、Lightroom，做过商业摄影、婚纱摄影，有摄影工作室实习经历，审美能力强，构图与光影把控好
resume_121,书法学专业，精通软笔、硬笔书法，擅长楷书、隶书、行书，参加过全国书法大赛获奖，有书法培训机构实习经历，书法功底扎实，教学能力良好
resume_122,环境设计专业，精通3DMAX、SU、CAD、酷家乐，做过室内设计、展厅设计、软装搭配，有设计公司实习经历，审美能力强，空间规划能力好
resume_123,产品设计专业，精通Rhino、Keyshot、PS，做过文创产品、家居产品设计，参加过产品设计大赛，有设计公司实习经历，创意能力强，人机工程意识好
resume_124,服装与服饰设计专业，熟悉服装效果图、制版、工艺制作，做过系列服装、汉服设计，参加过服装大赛，有服装公司实习经历，审美与创意能力强
resume_125,数字媒体技术专业，熟悉WebGL、Three.js、游戏引擎，做过Web3D展示、互动媒体项目，有互联网公司实习经历，掌握C++、Python，逻辑思维强
resume_126,人工智能技术应用专业，熟悉机器学习、深度学习、目标检测，做过智能安防、人脸识别项目，有AI企业实习经历，掌握PyTorch，动手能力强
resume_127,工业机器人技术专业，熟悉ABB、发那科机器人编程调试，做过上下料、码垛工作站，有智能制造企业实习经历，动手能力强，能独立完成机器人调试
resume_128,电气自动化技术专业，熟悉PLC、变频器、触摸屏组态，做过自动化产线改造项目，有自动化公司实习经历，动手能力强，电路调试能力好
resume_129,机电一体化技术专业，熟悉机械装配、电气控制、设备维护，做过机电设备安装调试、故障维修，有制造企业实习经历，动手能力强，综合技能全面
resume_130,软件技术专业，掌握Java、Python、MySQL，做过管理系统、小程序开发，有软件开发公司实习经历，逻辑思维强，能独立完成功能模块开发
resume_131,大数据技术专业，熟悉Hadoop、Spark、Hive，做过数据清洗、数仓建设项目，有大数据公司实习经历，掌握Linux、SQL，数据处理能力强
resume_132,云计算技术应用专业，熟悉阿里云、华为云、OpenStack，做过云服务器部署、容器化项目，有云计算公司实习经历，掌握Linux、Docker，运维能力强
resume_133,信息安全技术应用专业，熟悉网络攻防、病毒防范、等保测评，做过渗透测试、安全加固项目，有安全公司实习经历，掌握Kali Linux，安全意识强
resume_134,视觉传达设计专业，精通PS、AI、CDR，做过LOGO、VI、海报、画册设计，有广告设计公司实习经历，审美能力强，创意与排版能力好
resume_135,跨境电子商务专业，熟悉亚马逊、速卖通、Shopee运营，做过店铺上架、广告投放、订单处理，有跨境电商公司实习经历，英语良好，沟通能力强
resume_136,网络营销与直播电商专业，熟悉抖音、快手、视频号直播带货，做过短视频拍摄、直播场控、选品运营，有MCN机构实习经历，镜头表现力好，沟通能力强
resume_137,电子商务专业，熟悉淘宝、拼多多、京东运营，做过店铺装修、直通车推广、客服管理，有电商公司实习经历，数据分析能力强，营销思维好
resume_138,现代物流管理专业，熟悉仓储、分拣、配送、供应链管理，做过仓库管理、物流调度项目，有物流公司实习经历，动手能力强，抗压能力好
resume_139,供应链运营专业，熟悉采购、计划、库存、交付管理，做过供应链优化、成本控制项目，有制造企业供应链部门实习经历，逻辑思维强
resume_140,国际经济与贸易专业，熟悉外贸函电、报关报检、信用证，做过外贸业务、单证处理，有外贸公司实习经历，英语流利，沟通能力强
resume_141,连锁经营与管理专业，熟悉门店运营、人员管理、营销活动，做过连锁门店店长助理、运营支持，有连锁企业实习经历，管理能力与执行力强
resume_142,市场营销专业，熟悉市场调研、活动策划、品牌推广，做过地推、线上活动、社群运营，有企业市场部实习经历，沟通能力强，执行力好
resume_143,商务数据分析与应用专业，熟悉Excel、SQL、Python数据分析，做过用户画像、销售预测、报表自动化，有电商、互联网公司实习经历，数据敏感度高
resume_144,金融服务与管理专业，熟悉银行柜面、信贷业务、理财咨询，持有银行从业资格证，有银行、小贷公司实习经历，服务意识强，细心严谨
resume_145,财富管理专业，熟悉基金、保险、理财规划，持有基金、保险从业资格证，做过理财方案设计、客户维护，有财富管理公司实习经历，沟通能力强
resume_146,信用管理专业，熟悉征信、风控、商账催收、信用评级，做过信用评估、风险控制项目，有金融机构风控部门实习经历，逻辑思维强，细心严谨
resume_147,大数据与财务管理专业，熟悉财务核算、预算管理、财务分析，持有初级会计证，有企业财务部门实习经历，细心严谨，数字敏感度高
resume_148,大数据与会计专业，熟悉记账、报税、报表编制，掌握金蝶、用友，持有初级会计证，有会计事务所、企业财务部实习经历，细心负责
resume_149,国际商务专业，熟悉国际商务谈判、跨境电商、海外推广，做过外贸业务、商务助理，有跨国企业实习经历，英语流利，商务礼仪规范
resume_150,工商企业管理专业，熟悉企业运营、人力资源、生产管理，做过企业管理助理、流程优化，有企业管理部门实习经历，管理思维清晰，执行力强
resume_151,人力资源管理专业，熟悉招聘、培训、绩效、薪酬，做过简历筛选、面试组织、员工关系，有企业HR部门实习经历，沟通协调能力强
resume_152,行政管理专业，熟悉公文、会务、后勤、档案管理，做过行政助理、办公室文员，有企事业单位行政实习经历，细心严谨，服务意识强
resume_153,现代文秘专业，熟悉文书写作、会议安排、商务接待，掌握Office高级应用，有企业文秘、助理实习经历，形象气质佳，沟通能力强
resume_154,法律实务专业，熟悉法律咨询、文书写作、案件代理，持有法律职业资格证，有律所、法院实习经历，逻辑思维强，口头表达能力好
resume_155,社会工作专业，熟悉社区服务、个案帮扶、公益活动，做过社工服务、志愿者管理，有社工机构实习经历，爱心耐心强，社会责任感高
resume_156,现代殡葬技术与管理专业，熟悉殡葬服务、礼仪主持、骨灰管理，有殡葬服务机构实习经历，心理素质好，责任心强，服务意识高
resume_157,民政服务与管理专业，熟悉社会救助、福利服务、基层治理，做过民政窗口、社区服务，有民政局、社区实习经历，沟通能力强，服务意识好
resume_158,公安管理专业，熟悉治安管理、交通管理、警务辅助，有公安局、派出所实习经历，纪律性强，责任心强，身体素质好
resume_159,刑事执行专业，熟悉监狱管理、社区矫正、罪犯教育，有监狱、司法所实习经历，纪律性强，心理素质好，原则性强
resume_160,消防救援技术专业，熟悉消防设施、灭火救援、应急处置，持有消防设施操作员证，有消防救援队伍实习经历，身体素质好，责任心强
resume_161,安全技术与管理专业，熟悉安全生产、隐患排查、应急管理，持有注册安全工程师基础证书，有企业安全部门实习经历，安全意识强，责任心强
resume_162,职业健康安全技术专业，熟悉职业卫生、健康监测、安全防护，做过职业危害检测、安全评估，有企业EHS部门实习经历，细心严谨
resume_163,建筑工程技术专业，熟悉施工图纸、现场管理、质量验收，做过施工员助理、现场技术支持，有建筑公司实习经历，能吃苦耐劳，适应工地生活
resume_164,建设工程管理专业，熟悉工程进度、成本、合同、安全管理，做过资料员、造价员助理，有建筑企业实习经历，细心严谨，管理能力强
resume_165,工程造价专业，熟悉工程量计算、清单计价、广联达软件，做过工程预算、结算、审计，有造价咨询公司实习经历，细心负责，数字敏感度高
resume_166,建筑装饰工程技术专业，熟悉装修图纸、施工工艺、材料选型，做过装修现场管理、深化设计，有装饰公司实习经历，动手能力强，审美能力好
resume_167,古建筑工程技术专业，熟悉古建筑修缮、仿古建筑设计、传统工艺，做过古建修复、测绘建档，有文物古建公司实习经历，历史文化素养高
resume_168,园林工程技术专业，熟悉园林施工、植物养护、景观维护，做过园林施工现场管理、绿化养护，有园林公司实习经历，动手能力强，吃苦耐劳
resume_169,市政工程技术专业，熟悉道路、桥梁、管网施工与维护，做过市政施工现场管理、质量检测，有市政公司实习经历，能吃苦耐劳，适应户外作业
resume_170,水利工程专业，熟悉水利勘测、大坝、渠道、防洪工程，做过水利施工、水文监测，有水利部门实习经历，吃苦耐劳，适应野外作业
resume_171,测绘地理信息技术专业，熟悉全站仪、GPS、无人机航测，做过地形测绘、地籍测量、地图制图，有测绘公司实习经历，动手能力强，适应户外作业
resume_172,地质调查与矿产普查专业，熟悉地质填图、矿产勘探、样品采集，做过地质普查、矿产评估，有地质队实习经历，吃苦耐劳，适应野外作业
resume_173,环境工程技术专业，熟悉污水处理、大气治理、环境监测，做过环保工程施工、水质检测，有环保公司实习经历，动手能力强，责任心强
resume_174,生态保护技术专业，熟悉生态修复、植被恢复、野生动植物保护，做过生态监测、保护区规划，有环保机构实习经历，社会责任感强
resume_175,食品检验检测技术专业，熟悉食品理化、微生物、添加剂检测，持有食品检验员证，有食品企业、检测机构实习经历，细心严谨，动手能力强
resume_176,药品生产技术专业，熟悉药品制剂、生产工艺、GMP规范，做过药品生产、质量控制，有药企实习经历，细心严谨，责任心强，规范意识高
resume_177,化妆品经营与管理专业，熟悉化妆品配方、备案、销售、皮肤管理，有化妆品公司、美妆机构实习经历，沟通能力强，服务意识好
resume_178,酿酒技术专业，熟悉白酒/啤酒/葡萄酒酿造工艺、品酒、勾调，有酒厂实习经历，动手能力强，味觉嗅觉灵敏，细心严谨
resume_179,食品营养与健康专业，熟悉营养配餐、膳食指导、健康管理，持有营养师证书，有餐饮、健康管理公司实习经历，沟通能力强，服务意识好
resume_180,畜牧兽医专业，熟悉畜禽养殖、疾病防治、动物检疫，持有执业兽医师证，有养殖场、兽医站实习经历，动手能力强，有爱心责任心
resume_181,水产养殖技术专业，熟悉鱼虾蟹养殖、水质调控、病害防治，做过水产养殖基地技术支持，有水产企业实习经历，吃苦耐劳，动手能力强
resume_182,林业技术专业，熟悉造林、抚育、资源监测、森林防火，做过林业调查、生态修复，有林业局、林场实习经历，适应户外作业，责任心强
resume_183,园林技术专业，熟悉苗木培育、绿化施工、园林养护，做过小区绿化、公园养护项目，有园林公司实习经历，动手能力强，吃苦耐劳
resume_184,现代农业技术专业，熟悉设施农业、无土栽培、智慧农业，做过大棚种植、水肥一体化项目，有农业科技公司实习经历，动手能力强
resume_185,休闲农业经营与管理专业，熟悉采摘园、农家乐、乡村旅游规划，做过休闲农业项目策划、运营，有农业旅游公司实习经历，沟通能力强
resume_186,民族传统技艺专业，熟悉非遗技艺、手工制作、文创开发，做过非遗产品设计、传承推广，有非遗工坊实习经历，动手能力强，文化素养高
resume_187,中西面点工艺专业，熟悉面包、蛋糕、点心、中式面点制作，持有面点师证书，有烘焙店、酒店后厨实习经历，动手能力强，耐心细心
resume_188,烹饪工艺与营养专业，熟悉中式烹调、冷菜、热菜、宴席设计，持有厨师等级证书，有酒店、餐厅后厨实习经历，动手能力强，味觉良好
resume_189,餐饮智能管理专业，熟悉餐厅运营、菜单设计、成本控制，做过餐厅主管助理、前厅管理，有餐饮企业实习经历，服务意识强，管理能力好
resume_190,空中乘务专业，持有民航乘务员资格证，熟悉客舱服务、应急处置、礼仪，有航空公司、机场实习经历，形象气质佳，服务意识强，英语流利
resume_191,民航运输服务专业，熟悉值机、票务、贵宾服务、行李管理，有机场地服、航空公司实习经历，形象气质佳，沟通能力强，服务意识好
resume_192,民航安全技术管理专业，熟悉安检操作、危险品识别、证件查验，持有民航安检员证书，有机场安检实习经历，责任心强，观察力敏锐
resume_193,城市轨道交通运营管理专业，熟悉地铁行车组织、客运服务、票务管理，有地铁公司实习经历，服务意识强，纪律性好，应变能力强
resume_194,智能交通技术专业，熟悉交通信号、监控、ETC、智慧停车，做过交通设备安装调试，有交通科技公司实习经历，动手能力强
resume_195,新能源汽车技术专业，熟悉三电系统、维修保养、故障诊断，做过新能源汽车检修、保养项目，有4S店、新能源车企实习经历，动手能力强
resume_196,汽车检测与维修技术专业，熟悉发动机、底盘、电路、故障诊断，持有汽车维修工证书，有4S店、汽修厂实习经历，动手能力强，吃苦耐劳
resume_197,汽车技术服务与营销专业，熟悉汽车销售、保险理赔、二手车评估，做过汽车销售顾问、服务顾问，有4S店实习经历，沟通能力强
resume_198,船舶工程技术专业，熟悉船体建造、船舶修理、轮机基础，做过船舶制造、维修项目，有造船厂实习经历，动手能力强，适应厂区作业
resume_199,航海技术专业，熟悉船舶驾驶、货运操作、航海仪器，持有海员证、基本安全证书，有航运公司实习经历，责任心强，能适应长期出海
resume_200,轮机工程技术专业，熟悉船舶主机、辅机、维修保养，持有海员证、机工证书，有航运公司、船厂实习经历，动手能力强，责任心强
resume_201,计算机应用技术专业，熟悉Office、PS、基础编程，做过办公自动化、图文处理、简单系统维护，有企事业单位实习经历，综合技能全面
resume_202,物联网应用技术专业，熟悉传感器、单片机、物联网平台，做过智能家居、环境监测物联网项目，有IoT企业实习经历，动手能力强
resume_203,集成电路技术专业，熟悉芯片测试、版图设计、半导体工艺，做过芯片测试、封装项目，有半导体企业实习经历，细心严谨，逻辑思维强
resume_204,光电显示技术专业，熟悉LED、LCD、OLED显示面板，做过显示设备检测、调试项目，有光电企业实习经历，动手能力强，细心严谨
resume_205,新能源材料应用技术专业，熟悉锂电池、光伏材料、储能技术，做过电池检测、光伏系统安装，有新能源企业实习经历，动手能力强
resume_206,有色金属智能冶金技术专业，熟悉金属冶炼、电解、精炼工艺，做过冶金生产、质量检测，有冶金企业实习经历，吃苦耐劳，责任心强
resume_207,钢铁智能冶金技术专业，熟悉炼铁、炼钢、连铸工艺，做过钢铁生产、质量控制，有钢铁企业实习经历，吃苦耐劳，适应高温环境
resume_208,高分子材料智能制造技术专业，熟悉塑料、橡胶、复合材料成型，做过材料配方、制品加工，有材料企业实习经历，动手能力强，细心严谨
resume_209,复合材料智能制造技术专业，熟悉碳纤维、玻璃钢、复合材料成型，做过复合材料制品研发，有新材料企业实习经历，动手能力强
resume_210,建筑材料工程技术专业，熟悉水泥、混凝土、砂浆、建材检测，做过建材生产、质量检测，有建材企业实习经历，细心严谨，动手能力强
resume_211,硅酸盐材料工程技术专业，熟悉陶瓷、玻璃、耐火材料生产，做过建材工艺优化、质量控制，有建材企业实习经历，吃苦耐劳
resume_212,印刷媒体技术专业，熟悉印前、印刷、印后加工、色彩管理，做过印刷操作、品质管控，有印刷企业实习经历，细心严谨，色彩敏感度高
resume_213,数字印刷技术专业，熟悉数码印刷、可变数据印刷、短版印刷，做过数字印刷机操作、排版输出，有印刷企业实习经历，细心严谨
resume_214,纺织材料与应用专业，熟悉纺织面料、纱线、印染、检测，做过面料开发、品质检验，有纺织企业实习经历，细心严谨，动手能力强
resume_215,现代非织造技术专业，熟悉无纺布、熔喷布、卫生材料生产，做过非织造布生产、检测，有非织造企业实习经历，动手能力强
resume_216,皮革加工技术专业，熟悉皮革鞣制、整理、皮具制作，做过皮革加工、皮具设计，有皮革企业实习经历，动手能力强，细心严谨
resume_217,家具设计与制造专业，熟悉家具设计、木工工艺、家具制造，做过家具设计、生产制作，有家具企业实习经历，动手能力强，审美能力好
resume_218,五金模具设计专业，熟悉冲压模具、注塑模具、模具加工，做过模具设计、装配调试，有模具企业实习经历，动手能力强，逻辑思维强
resume_219,数控技术专业，熟悉数控车床、铣床、加工中心编程，做过零件加工、编程调试，有机械加工厂实习经历，动手能力强，细心严谨
resume_220,机械设计与制造专业，熟悉机械图纸、零件设计、加工工艺，做过机械零件设计、加工，有机械制造企业实习经历，动手能力强
resume_221,模具设计与制造专业，熟悉模具结构、加工工艺、装配调试，做过模具设计、加工、试模，有模具企业实习经历，动手能力强
resume_222,智能焊接技术专业，熟悉电弧焊、二保焊、机器人焊接，持有焊工证书，有机械、钢结构企业实习经历，动手能力强，吃苦耐劳
resume_223,电机与电器技术专业，熟悉电机设计、制造、检修、控制，做过电机装配、测试，有电机企业实习经历，动手能力强，电路知识扎实
resume_224,电力系统自动化技术专业，熟悉变电站、配电、继电保护、调度，做过电力设备安装调试，有电力公司实习经历，责任心强，安全意识高
resume_225,供用电技术专业，熟悉配电线路、用电检查、装表接电，做过电力运维、客户服务，有供电公司实习经历，责任心强，适应户外作业
resume_226,电力客户服务与管理专业，熟悉电费核算、用电咨询、客户服务，有供电公司客服中心实习经历，服务意识强，沟通能力好
resume_227,热能动力工程技术专业，熟悉锅炉、汽轮机、发电运行、检修，做过电厂运行、设备维护，有发电厂实习经历，责任心强，适应倒班
resume_228,光伏发电技术与应用专业，熟悉光伏组件、逆变器、电站建设，做过光伏电站安装、调试、运维，有新能源企业实习经历，动手能力强
resume_229,风力发电工程技术专业，熟悉风机安装、调试、运维、故障诊断，做过风电场运维、设备检修，有新能源企业实习经历，适应高空作业
resume_230,生物质能应用技术专业，熟悉生物质发电、沼气工程、燃料制备，做过生物质项目建设、运维，有新能源企业实习经历，动手能力强
resume_231,氢能技术应用专业，熟悉制氢、储氢、燃料电池、加氢站，做过氢能设备安装、调试，有氢能企业实习经历，安全意识强，动手能力强
resume_232,储能材料技术专业，熟悉电池材料、储能系统、检测调试，做过储能电池、系统集成项目，有新能源企业实习经历，细心严谨
resume_233,水净化与安全技术专业，熟悉水处理、水质检测、净水工艺，做过净水厂运营、水质监测，有环保、水务公司实习经历，细心严谨
resume_234,大气污染治理技术专业，熟悉废气治理、除尘、脱硫脱硝，做过废气处理工程、设备运维，有环保企业实习经历，动手能力强
resume_235,固体废物污染治理技术专业，熟悉垃圾处理、危废处置、资源回收，做过固废处理工程、运营管理，有环保企业实习经历，责任心强
resume_236,资源综合利用技术专业，熟悉再生资源回收、废料利用、资源化，做过资源回收项目、工艺优化，有环保、再生资源企业实习经历
resume_237,生态环境大数据技术专业，熟悉环境数据采集、分析、可视化，做过环境监测平台、数据治理，有环保科技公司实习经历，数据能力强
resume_238,安全智能监测技术专业，熟悉安防监控、隐患预警、应急联动，做过安防系统安装、调试，有安防科技公司实习经历，动手能力强
resume_239,应急救援技术专业，熟悉应急指挥、抢险救援、急救技能，持有急救证书，有应急管理部门、救援队实习经历，身体素质好，责任心强
resume_240,智慧健康养老技术专业，熟悉智能养老设备、健康监测、远程照护，做过养老设备调试、健康管理，有养老科技公司实习经历，服务意识强
resume_241,虚拟现实技术应用专业，熟悉VR/AR设备、Unity开发、虚拟仿真，做过VR展厅、虚拟实训项目，有科技公司实习经历，创意能力强
resume_242,游戏艺术设计专业，熟悉游戏原画、UI、场景、角色设计，做过游戏美术、界面设计，有游戏公司实习经历，绘画功底好，创意能力强
resume_243,电子竞技运动与管理专业，熟悉电竞运营、赛事策划、解说主持，做过电竞赛事执行、俱乐部运营，有电竞公司实习经历，热爱电竞，沟通能力强
resume_244,电子竞技运动专业，熟悉电竞训练、战术分析、赛事对抗，参加过电竞比赛，有电竞俱乐部实习经历，反应快，团队协作能力强
resume_245,体育艺术表演专业，熟悉体育舞蹈、啦啦操、形体表演，参加过体育艺术演出，有体育表演团队实习经历，表现力强，形象气质佳
resume_246,健身指导与管理专业，持有健身教练国职证书，熟悉体能训练、营养配餐、私教指导，有健身俱乐部实习经历，身体素质好，服务意识强
resume_247,高尔夫球运动与管理专业，熟悉高尔夫球技、球场运营、球童服务，有高尔夫球场实习经历，礼仪规范，服务意识强，英语基础好
resume_248,冰雪运动与管理专业，熟悉滑雪、滑冰、冰雪场馆运营，做过滑雪教练、冰雪活动策划，有冰雪场馆实习经历，身体素质好，热爱冰雪运动
resume_249,民族传统体育专业，熟悉武术、舞龙舞狮、传统体育养生，持有武术段位证书，有武术馆、培训机构实习经历，身体素质好，传承意识强
resume_250,体育运营与管理专业，熟悉体育赛事、场馆运营、体育营销，做过赛事执行、场馆管理，有体育公司实习经历，管理能力强，执行力好
resume_251,文化创意与策划专业，熟悉文创产品、活动策划、品牌推广，做过文创项目策划、运营，有文创公司实习经历，创意能力强，文案功底好
resume_252,文化产业经营与管理专业，熟悉文化项目、版权运营、演艺经纪，做过文化项目运营、艺人经纪，有文化公司实习经历，管理能力强
resume_253,文物修复与保护专业，熟悉书画、陶瓷、青铜器修复，做过文物修复、保护处理，有博物馆、文保机构实习经历，细心严谨，动手能力强
resume_254,影视多媒体技术专业，熟悉摄影、摄像、剪辑、特效包装，做过影视拍摄、后期制作，有传媒公司实习经历，创意能力强，技术全面
resume_255,广播影视节目制作专业，熟悉节目策划、拍摄、剪辑、包装，做过电视节目、短视频制作，有电视台、传媒公司实习经历，创意能力强
resume_256,融媒体技术与运营专业，熟悉新媒体、短视频、直播、内容分发，做过融媒体中心内容运营，有媒体机构实习经历，网感好，执行力强
resume_257,网络直播与运营专业，熟悉直播策划、场控、投流、数据分析，做过电商直播、娱乐直播运营，有MCN机构实习经历，网感好，沟通能力强
resume_258,音乐制作专业，熟悉编曲、录音、混音、母带处理，做过歌曲制作、配乐，有音乐工作室实习经历，乐感好，熟练使用Studio One
resume_259,录音技术与艺术专业，熟悉录音棚操作、拾音、混音、音效制作，做过录音、配音、音效设计，有录音棚实习经历，听觉敏锐，技术扎实
resume_260,舞台艺术设计与制作专业，熟悉舞台灯光、音响、舞美、道具，做过舞台设计、设备调试，有剧院、演出公司实习经历，动手能力强，创意好
resume_261,时尚表演与传播专业，熟悉模特走秀、平面拍摄、时尚推广，参加过时装周、平面拍摄，有模特经纪公司实习经历，形象气质佳，表现力强
resume_262,皮具艺术设计专业，熟悉皮具设计、制版、手工制作，做过皮包、皮带、皮具配饰，有皮具工作室实习经历，动手能力强，创意好
resume_263,首饰设计与工艺专业，熟悉珠宝设计、起版、镶嵌、制作，做过首饰设计、加工，有珠宝工作室实习经历，动手能力强，审美能力好
resume_264,水晶石工艺品设计专业，熟悉水晶雕刻、打磨、抛光、设计，做过水晶工艺品设计、制作，有工艺品公司实习经历，动手能力强，细心严谨
resume_265,陶瓷设计与工艺专业，熟悉陶瓷拉坯、利坯、施釉、烧制，做过陶瓷器皿、艺术陶瓷，有陶瓷工作室实习经历，动手能力强，艺术素养高
resume_266,宝玉石鉴定与加工专业，熟悉宝玉石鉴定、分级、加工、镶嵌，持有宝玉石鉴定师证书，有珠宝公司、鉴定机构实习经历，细心严谨
resume_267,民族服装与饰品专业，熟悉民族服饰、刺绣、饰品制作，做过民族服装、文创饰品，有非遗工坊实习经历，动手能力强，文化素养高
resume_268,动漫设计专业，熟悉动漫角色、场景、分镜、动画制作，做过动漫短片、表情包，有动漫公司实习经历，绘画功底好，创意能力强
resume_269,游戏设计专业，熟悉游戏关卡、数值、系统、原型设计，做过游戏策划、Demo制作，有游戏公司实习经历，逻辑思维强，创意好
resume_270,影视动画专业，熟悉影视动画、特效、后期合成，做过动画短片、影视特效，有动画公司实习经历，绘画功底好，技术全面
resume_271,环境艺术设计专业，熟悉室内、景观、展示、软装设计，做过家装、公装、展厅设计，有设计公司实习经历，审美能力强，空间感好
resume_272,室内艺术设计专业，精通CAD、3DMAX、SU、酷家乐，做过家装、别墅、软装搭配，有设计公司实习经历，审美能力强，沟通能力好
resume_273,展示艺术设计专业，熟悉展厅、展台、橱窗、美陈设计，做过展会设计、商场美陈，有设计公司、会展公司实习经历，创意能力强
resume_274,公共艺术设计专业，熟悉城市雕塑、壁画、公共空间装置，做过公共艺术项目、装置设计，有艺术设计公司实习经历，创意能力强
resume_275,家居设计专业，熟悉家居产品、软装、全屋定制设计，做过家具、家居软装设计，有家居设计公司实习经历，审美能力强，实用主义强
resume_276,广告设计专业，精通PS、AI、CDR，做过海报、LOGO、画册、VI设计，有广告公司实习经历，创意能力强，排版与视觉效果好
resume_277,包装策划与设计专业，熟悉包装结构、平面设计、包装工艺，做过食品、礼品包装设计，有包装设计公司实习经历，创意能力强，实用性好
resume_278,多媒体设计专业，熟悉网页设计、H5、交互媒体、短视频，做过多媒体展示、互动页面，有互联网公司实习经历，审美能力强，技术全面
resume_279,UI设计专业，精通Figma、Sketch、PS，做过APP界面、网页、图标设计，有互联网公司实习经历，审美能力强，用户体验意识好
resume_280,交互设计专业，熟悉用户体验、原型设计、交互逻辑，做过APP、网站交互设计，有互联网、设计公司实习经历，逻辑思维强，用户意识好
resume_281,游戏UI设计专业，熟悉游戏界面、图标、皮肤、视觉风格，做过游戏UI、图标设计，有游戏公司实习经历，审美能力强，风格把控好
resume_282,数字媒体设计专业，熟悉平面、动效、视频、交互设计，做过新媒体视觉、短视频包装，有传媒、设计公司实习经历，技术全面
resume_283,工业互联网技术专业，熟悉工业网络、数据采集、SCADA、MES，做过工业互联网平台、设备联网，有工业科技公司实习经历，技术扎实
resume_284,卫星通信技术专业，熟悉卫星通信、天线、调制解调、地面站，做过卫星通信设备安装调试，有通信企业实习经历，动手能力强
resume_285,移动通信技术专业，熟悉5G基站、核心网、网优、测试，做过移动通信工程、优化，有通信运营商、设备商实习经历，动手能力强
resume_286,现代通信技术专业，熟悉光通信、数据通信、通信工程，做过通信设备安装、调试、维护，有通信企业实习经历，动手能力强，技术全面
resume_287,通信工程设计与监理专业，熟悉通信工程设计、监理、验收、结算，做过通信工程设计、现场监理，有通信设计院、监理公司实习经历
resume_288,网络工程专业，熟悉网络设备、路由交换、无线网络、安全，做过网络搭建、调试、维护，有系统集成公司实习经历，动手能力强，网络知识扎实
resume_289,物联网工程技术专业，熟悉物联网网关、传感器、云平台、APP，做过物联网系统集成、调试，有IoT企业实习经历，动手能力强
resume_290,人工智能工程技术专业，熟悉机器学习、深度学习、模型部署，做过智能识别、预测分析项目，有AI企业实习经历，算法基础好，动手能力强
resume_291,大数据工程技术专业，熟悉数据采集、清洗、存储、分析、可视化，做过大数据平台、数仓建设，有大数据公司实习经历，技术全面
resume_292,云计算工程技术专业，熟悉云平台、容器、微服务、自动化运维，做过云资源管理、部署，有云计算公司实习经历，运维能力强
resume_293,区块链技术应用专业，熟悉区块链、智能合约、DApp开发，做过联盟链、去中心化应用，有区块链公司实习经历，逻辑思维强，技术扎实
resume_294,信息安全工程技术专业，熟悉渗透测试、等保、安全加固、应急响应，做过安全服务、风险评估，有安全公司实习经历，安全意识强
resume_295,网络安防系统安装与维护专业，熟悉监控、门禁、报警、综合布线，做过安防系统安装、调试、维护，有安防公司实习经历，动手能力强
resume_296,计算机网络技术专业，熟悉局域网、广域网、服务器、网络安全，做过网络搭建、运维、故障排除，有IT公司实习经历，动手能力强，网络知识扎实
resume_297,软件技术专业（Java方向），掌握Java、SpringBoot、MySQL、Redis，做过后台管理系统、接口开发，有软件公司实习经历，逻辑思维强，编码规范
resume_298,软件技术专业（Python方向），掌握Python、Django、FastAPI、爬虫，做过后台、数据分析、自动化工具，有软件公司实习经历，编码能力强
resume_299,软件技术专业（前端方向），掌握HTML、CSS、JS、Vue、React，做过网站、小程序、H5，有互联网公司实习经历，前端技术扎实，审美好
resume_300,软件技术专业（测试方向），掌握功能测试、自动化测试、接口测试，做过测试用例、缺陷管理、自动化脚本，有软件公司测试实习经历
resume_301,嵌入式技术应用专业，熟悉STM32、Linux、驱动开发、物联网，做过嵌入式设备、控制板开发，有电子、IoT企业实习经历，动手能力强
resume_302,集成电路设计与集成系统专业，熟悉数字电路、模拟电路、版图设计、仿真，做过芯片设计、验证，有半导体企业实习经历，逻辑思维强
resume_303,电子信息工程技术专业，熟悉单片机、FPGA、信号处理、电子制作，做过电子DIY、控制板开发，有电子企业实习经历，动手能力强，电路知识扎实
resume_304,应用电子技术专业，熟悉电子电路、仪器仪表、设备维修、调试，做过电子产品装配、测试、维修，有电子企业实习经历，动手能力强
resume_305,智能产品开发与应用专业，熟悉智能硬件、APP、云平台、联动控制，做过智能产品、方案开发，有智能硬件公司实习经历，技术全面
resume_306,新能源装备技术专业，熟悉新能源设备、安装、调试、运维，做过新能源装备安装、检修，有新能源企业实习经历，动手能力强，责任心强
resume_307,机电设备技术专业，熟悉机电设备、安装、调试、维护、故障诊断，做过设备管理、维修，有制造企业实习经历，动手能力强，综合技能好
resume_308,电机电器智能化专业，熟悉智能电机、驱动、控制、物联网，做过智能电机系统、调试，有电机企业实习经历，动手能力强，控制知识扎实
resume_309,智能控制技术专业，熟悉PLC、单片机、运动控制、视觉系统，做过自动化控制、智能产线，有自动化企业实习经历，动手能力强
resume_310,工业过程自动化技术专业，熟悉DCS、PLC、仪表、过程控制，做过化工、冶金自动化系统，有自动化企业实习经历，动手能力强
resume_311,液压与气动技术专业，熟悉液压系统、气动回路、阀岛、调试，做过液压气动设备、系统设计，有液压气动企业实习经历，动手能力强
resume_312,电梯工程技术专业，熟悉电梯安装、调试、维保、安全检测，持有电梯维保证书，有电梯公司实习经历，动手能力强，安全意识高
resume_313,制冷与空调技术专业，熟悉空调、冷库、制冷系统、维修保养，做过制冷设备安装、维修，有暖通、制冷企业实习经历，动手能力强
resume_314,建筑智能化工程技术专业，熟悉楼宇自控、安防、消防、综合布线，做过智能楼宇系统、调试，有建筑智能化公司实习经历
resume_315,市政管网智能检测与维护专业，熟悉管网探测、检测、修复、信息化，做过管网检测、维护项目，有市政、水务公司实习经历
resume_316,环境管理与评价专业，熟悉环境评价、排污许可、环境管理，做过环评报告、排污申报，有环保公司、企业EHS部门实习经历
resume_317,节能低碳技术专业，熟悉节能诊断、改造、碳核算、碳管理，做过节能项目、碳足迹计算，有节能、低碳公司实习经历
resume_318,资源勘查专业，熟悉矿产勘查、地质填图、样品分析、储量估算，做过地质勘查、资源评估，有地质队、矿业企业实习经历
resume_319,煤矿智能开采技术专业，熟悉采煤、掘进、通风、安全监测，做过煤矿生产、智能化开采，有煤矿企业实习经历，吃苦耐劳，安全意识高
resume_320,矿山机电与智能装备专业，熟悉矿山设备、机电、自动化、智能监控，做过矿山机电设备安装、调试，有矿业企业实习经历
resume_321,油气储运技术专业，熟悉油气集输、管道、储库、计量，做过油气储运、管道运维，有石油企业实习经历，责任心强，安全意识高
resume_322,海洋化工技术专业，熟悉海水淡化、海洋化工、盐化工工艺，做过海洋化工生产、实验，有海洋化工企业实习经历，动手能力强
resume_323,水产养殖技术专业，熟悉鱼虾养殖、水质调控、病害防治、饲料管理，做过水产养殖基地技术服务，有水产企业实习经历，吃苦耐劳
resume_324,园艺技术专业，熟悉花卉、果树、蔬菜栽培、病虫害防治，做过园艺种植、基地管理，有农业、园艺公司实习经历，动手能力强
resume_325,茶叶生产与加工技术专业，熟悉茶叶种植、采摘、加工、审评，做过茶叶生产、品质鉴定，有茶企、茶园实习经历，细心严谨，味觉嗅觉灵敏
resume_326,中草药栽培与加工技术专业，熟悉中草药种植、采收、加工、鉴定，做过中草药基地、药企实习经历，细心严谨，植物识别能力强
resume_327,烟草栽培与加工技术专业，熟悉烟草种植、采收、烘烤、分级，做过烟草基地、烟厂实习经历，吃苦耐劳，细心严谨
resume_328,绿色食品生产技术专业，熟悉绿色种植、养殖、加工、检测，做过绿色食品生产、认证，有食品企业实习经历，细心严谨
resume_329,农产品加工与质量检测专业，熟悉农产品加工、检测、质量控制，做过农产品加工、检测，有食品、农业企业实习经历，细心严谨
resume_330,农产品流通与管理专业，熟悉农产品收购、仓储、物流、销售，做过农产品贸易、供应链，有农业企业实习经历，沟通能力强
resume_331,农村电子商务专业，熟悉农产品电商、直播带货、供应链，做过农产品店铺、直播运营，有农村电商公司实习经历
resume_332,休闲农业经营专业，熟悉休闲农庄、采摘、观光、农事体验，做过休闲农业项目策划、运营，有农业旅游公司实习经历
resume_333,社区康复专业，熟悉康复理疗、按摩、社区健康服务，持有康复治疗师证书，有社区卫生服务中心实习经历，耐心细心
resume_334,心理咨询专业，持有心理咨询师证书，熟悉心理测评、咨询、团体辅导，有心理咨询中心实习经历，共情能力强，沟通好
resume_335,人力资源服务专业，熟悉招聘、派遣、外包、灵活用工，做过招聘、猎头、员工服务，有人力资源公司实习经历，沟通能力强
resume_336,劳动与社会保障专业，熟悉社保、公积金、劳资纠纷、政策咨询，做过社保窗口、企业HR事务，有人力资源、社保机构实习经历
resume_337,知识产权管理专业，熟悉专利、商标、版权、贯标服务，做过知识产权申请、管理，有知识产权公司实习经历，细心严谨
resume_338,科技成果转化服务专业，熟悉技术交易、成果评估、孵化、转化，做过科技服务、项目对接，有科技园区、服务机构实习经历
resume_339,标准化技术专业，熟悉标准编写、实施、评价、体系认证，做过标准编制、体系辅导，有标准化机构实习经历，细心严谨
resume_340,质量管理与认证专业，熟悉ISO体系、质量管控、认证咨询，做过体系辅导、质量审核，有认证、咨询公司实习经历
resume_341,检验检测技术专业，熟悉各类产品检测、校准、计量，持有检验员证书，有第三方检测机构实习经历，细心严谨，动手能力强
resume_342,计量测试与应用技术专业，熟悉计量器具、校准、测试、检定，持有计量员证书，有计量院所、检测机构实习经历，细心严谨
resume_343,认证服务与管理专业，熟悉产品认证、体系认证、咨询服务，做过认证咨询、审核辅助，有认证机构实习经历，细心严谨
risume_344,健康管理专业，熟悉健康档案、体检管理、慢病干预、健康科普，有健康管理公司、体检中心实习经历，服务意识强
resume_345,婴幼儿托育服务与管理专业，熟悉婴幼儿照护、早期教育、行为引导，有托育机构、幼儿园实习经历，爱心耐心强，细心负责
resume_346,现代家政服务与管理专业，熟悉家政服务、母婴护理、养老护理、管家服务，有家政公司、高端家庭实习经历，服务意识强，责任心强
resume_347,智慧社区管理专业，熟悉社区运营、智慧物业、便民服务，做过社区管理、物业运营，有物业公司、社区实习经历
resume_348,物业管理专业，熟悉物业客服、安保、保洁、设施管理，做过物业管家、项目助理，有物业公司实习经历，服务意识强，沟通好
resume_349,现代物业管理专业，熟悉智慧物业、收费、客服、工程运维，做过物业项目管理、客户服务，有品牌物业公司实习经历
resume_350,城市管理与监察专业，熟悉城市管理、行政执法、市容维护，有城管、街道办实习经历，纪律性强，责任心强，沟通能力好
resume_351,民政行政与管理专业，熟悉民政业务、社会救助、福利服务，有民政局、基层政务实习经历，服务意识强，政策理解能力好
resume_352,党务工作专业，熟悉党建、党务、公文、组织活动，有机关、国企党务部门实习经历，文字功底好，政治素养高
resume_353,公益慈善事业管理专业，熟悉公益项目、筹款、志愿者管理、传播，有基金会、公益组织实习经历，社会责任感强
resume_354,推荐系统方向，熟练使用Python、PyTorch，掌握协同过滤、矩阵分解、双塔模型，做过电商推荐系统、新闻Feed流推荐项目，熟悉召回精排全链路，了解Faiss向量检索，有推荐算法实习经历，参加过数据挖掘竞赛，能独立完成模型训练部署
resume_355,NLP算法方向，掌握Transformer、BERT、大语言模型微调，做过文本分类、信息抽取、问答系统项目，熟悉HuggingFace生态，有NLP算法实习经历，了解RAG检索增强，参加过NLP竞赛，能独立完成模型从训练到上线
resume_356,计算机视觉方向，精通PyTorch、OpenCV，掌握目标检测YOLO系列、图像分割，做过工业缺陷检测、人脸识别项目，参加过CV竞赛获奖，有视觉算法实习经历，了解模型量化部署，能独立完成算法优化